--
-- Table structure for table `cobalt_reporter`
--

CREATE TABLE `cobalt_reporter` (
  `module_name` varchar(255) NOT NULL,
  `report_name` varchar(255) NOT NULL,
  `username` varchar(255) NOT NULL,
  `show_field` blob NOT NULL,
  `operator` blob NOT NULL,
  `text_field` blob NOT NULL,
  `sum_field` blob NOT NULL,
  `count_field` blob NOT NULL,
  `group_field` blob NOT NULL,
  PRIMARY KEY (`module_name`,`report_name`)
) ENGINE=InnoDB DEFAULT CHARSET=utf8;

--
-- Table structure for table `person`
--

CREATE TABLE `person` (
  `person_id` int(11) NOT NULL auto_increment,
  `first_name` varchar(255) NOT NULL,
  `middle_name` varchar(255) NOT NULL,
  `last_name` varchar(255) NOT NULL,
  `gender` varchar(255) NOT NULL,
  PRIMARY KEY  (`person_id`)
) ENGINE=InnoDB  DEFAULT CHARSET=utf8 AUTO_INCREMENT=4 ;

--
-- Dumping data for table `person`
--

INSERT INTO `person` (`person_id`, `first_name`, `middle_name`, `last_name`, `gender`) VALUES
(1, 'Super User', 'X', 'Root', 'Male');

-- --------------------------------------------------------

--
-- Table structure for table `system_log`
--

CREATE TABLE `system_log` (
  `entry_id` bigint(20) NOT NULL auto_increment,
  `ip_address` varchar(255) NOT NULL,
  `user` varchar(255) NOT NULL,
  `datetime` int(11) NOT NULL,
  `action` varchar(50000) NOT NULL,
  `module` varchar(255) NOT NULL,
  PRIMARY KEY  (`entry_id`)
) ENGINE=InnoDB DEFAULT CHARSET=utf8 AUTO_INCREMENT=1 ;

--
-- Dumping data for table `system_log`
--


-- --------------------------------------------------------

--
-- Table structure for table `system_settings`
--

CREATE TABLE `system_settings` (
  `setting` varchar(255) NOT NULL,
  `value` varchar(255) NOT NULL,
  PRIMARY KEY  (`setting`)
) ENGINE=InnoDB DEFAULT CHARSET=utf8;

--
-- Dumping data for table `system_settings`
--

INSERT INTO `system_settings` (`setting`, `value`) VALUES
('Security Level', 'HIGH'),
('Max Attachment Size (MB)', '0');

-- --------------------------------------------------------

--
-- Table structure for table `system_skins`
--

CREATE TABLE `system_skins` (
  `skin_id` int(11) NOT NULL auto_increment,
  `skin_name` varchar(255) NOT NULL,
  `header` varchar(255) NOT NULL,
  `footer` varchar(255) NOT NULL,
  `master_css` varchar(255) NOT NULL,
  `colors_css` varchar(255) NOT NULL,
  `fonts_css` varchar(255) NOT NULL,
  `override_css` varchar(255) NOT NULL,
  `icon_set` varchar(255) NOT NULL,
  PRIMARY KEY  (`skin_id`)
) ENGINE=InnoDB  DEFAULT CHARSET=utf8 AUTO_INCREMENT=1 ;

--
-- Dumping data for table `system_skins`
--

INSERT INTO `system_skins` (`skin_id`, `skin_name`, `header`, `footer`, `master_css`, `colors_css`, `fonts_css`, `override_css`, `icon_set`) VALUES
(1, 'Cobalt Default', 'skins/default_header.php', 'skins/default_footer.php', 'cobalt_master.css', 'cobalt_colors.css', 'cobalt_fonts.css', 'cobalt_override.css','cobalt'),
(2, 'Cobalt Minimal', 'skins/minimal_header.php', 'skins/minimal_footer.php', 'cobalt_minimal.css', 'cobalt_minimal.css', 'cobalt_minimal.css', 'cobalt_minimal.css','cobalt'),
(3, 'After Sunset', 'skins/default_header.php', 'skins/default_footer.php', 'after_sunset_master.css', 'after_sunset_colors.css', 'after_sunset_fonts.css', 'after_sunset_override.css','cobalt'),
(4, 'Hello There', 'skins/default_header.php', 'skins/default_footer.php', 'hello_there_master.css', 'hello_there_colors.css', 'hello_there_fonts.css', 'hello_there_override.css','cobalt'),
(5, 'Gold Titanium', 'skins/default_header.php', 'skins/default_footer.php', 'gold_titanium_master.css', 'gold_titanium_colors.css', 'gold_titanium_fonts.css', 'gold_titanium_override.css','cobalt'),
(6, 'Summer Rain', 'skins/default_header.php', 'skins/default_footer.php', 'summer_rain_master.css', 'summer_rain_colors.css', 'summer_rain_fonts.css', 'summer_rain_override.css','cobalt'),
(7, 'Salmon Impression', 'skins/default_header.php', 'skins/default_footer.php', 'salmon_impression_master.css', 'salmon_impression_colors.css', 'salmon_impression_fonts.css', 'salmon_impression_override.css','cobalt'),
(8, 'Royal Amethyst', 'skins/default_header.php', 'skins/default_footer.php', 'royal_amethyst_master.css', 'royal_amethyst_colors.css', 'royal_amethyst_fonts.css', 'royal_amethyst_override.css','cobalt'),
(9, 'Red Decadence', 'skins/default_header.php', 'skins/default_footer.php', 'red_decadence_master.css', 'red_decadence_colors.css', 'red_decadence_fonts.css', 'red_decadence_override.css','cobalt'),
(10, 'Modern Eden', 'skins/default_header.php', 'skins/default_footer.php', 'modern_eden_master.css', 'modern_eden_colors.css', 'modern_eden_fonts.css', 'modern_eden_override.css','cobalt');


-- --------------------------------------------------------

--
-- Table structure for table `user`
--

CREATE TABLE `user` (
  `username` varchar(255) NOT NULL,
  `password` varchar(255) NOT NULL,
  `salt` varchar(255) NOT NULL,
  `iteration` int(11) NOT NULL,
  `method` varchar(255) NOT NULL,
  `person_id` int(11) NOT NULL,
  `role_id` int(11) NOT NULL,
  `skin_id` int(11) NOT NULL,
  PRIMARY KEY  (`username`)
) ENGINE=InnoDB DEFAULT CHARSET=utf8;

--
-- Dumping data for table `user`
--

INSERT INTO `user` (`username`, `password`, `salt`, `iteration`, `method`, `person_id`, `role_id`, `skin_id`) VALUES
('root', 'Glwcc4ARIZm9OUaR2mX1eI8Qs7pw8pPBajzN0OfFZDqpabO4fR1LjWksSuny+I4GHStS9K6RoWmszf8V4MlTQA', 'NKVHBDaicXG7SQxfOTvjPQ', '150000', 'sha512', '1', '1', '1');

-- --------------------------------------------------------

--
-- Table structure for table `user_links`
--

CREATE TABLE `user_links` (
  `link_id` int(11) NOT NULL auto_increment,
  `name` varchar(255) NOT NULL,
  `target` varchar(255) NOT NULL,
  `descriptive_title` varchar(255) NOT NULL,
  `description` text NOT NULL,
  `passport_group_id` int(11) NOT NULL,
  `show_in_tasklist` varchar(255) NOT NULL,
  `status` varchar(255) NOT NULL,
  `icon` varchar(255) NOT NULL,
  `priority` int(11) NOT NULL,
  PRIMARY KEY (`link_id`),
  KEY `name` (`name`)
) ENGINE=InnoDB DEFAULT CHARSET=utf8;

--
-- Dumping data for table `user_links`
--

INSERT INTO `user_links` (`link_id`, `name`, `target`, `descriptive_title`, `description`, `passport_group_id`, `show_in_tasklist`, `status`, `icon`,`priority`) VALUES
(1, 'Module Control', 'sysadmin/module_control.php', 'Module Control', 'Enable or disable system modules', 2, 'Yes', 'On', 'modulecontrol.png', ''),
(2, 'Set User Passports', 'sysadmin/set_user_passports.php', 'Set User Passports', 'Change the passport settings of system users', 2, 'Yes', 'On', 'passport.png', ''),
(3, 'Security Monitor', 'sysadmin/security_monitor.php', 'Security Monitor', 'Examine the system log', 2, 'Yes', 'On', 'security3.png', ''),
(4, 'Add person', 'sysadmin/add_person.php', 'Add Person', '', 2, 'No', 'On', 'form.png', ''),
(5, 'Edit person', 'sysadmin/edit_person.php', 'Edit Person', '', 2, 'No', 'On', 'form.png', ''),
(6, 'View person', 'sysadmin/listview_person.php', 'Person', '', 2, 'Yes', 'On', 'persons.png', ''),
(7, 'Delete person', 'sysadmin/delete_person.php', 'Delete Person', '', 2, 'No', 'On', 'form.png', ''),
(8, 'Add user', 'sysadmin/add_user.php', 'Add User', '', 2, 'No', 'On', 'form.png', ''),
(9, 'Edit user', 'sysadmin/edit_user.php', 'Edit User', '', 2, 'No', 'On', 'form.png', ''),
(10, 'View user', 'sysadmin/listview_user.php', 'User', '', 2, 'Yes', 'On', 'card.png', ''),
(11, 'Delete user', 'sysadmin/delete_user.php', 'Delete User', '', 2, 'No', 'On', 'form.png', ''),
(12, 'Add user role', 'sysadmin/add_user_role.php', 'Add User Role', '', 2, 'No', 'On', 'form.png', ''),
(13, 'Edit user role', 'sysadmin/edit_user_role.php', 'Edit User Role', '', 2, 'No', 'On', 'form.png', ''),
(14, 'View user role', 'sysadmin/listview_user_role.php', 'User Roles', '', 2, 'Yes', 'On', 'roles.png', ''),
(15, 'Delete user role', 'sysadmin/delete_user_role.php', 'Delete User Role', '', 2, 'No', 'On', 'form.png', ''),
(16, 'Add system settings', 'sysadmin/add_system_settings.php', 'Add System Settings', '', 2, 'No', 'On', 'form.png', ''),
(17, 'Edit system settings', 'sysadmin/edit_system_settings.php', 'Edit System Settings', '', 2, 'No', 'On', 'form.png', ''),
(18, 'View system settings', 'sysadmin/listview_system_settings.php', 'System Settings', '', 2, 'Yes', 'On', 'system_settings.png', ''),
(19, 'Delete system settings', 'sysadmin/delete_system_settings.php', 'Delete System Settings', '', 2, 'No', 'On', 'form.png', ''),
(20, 'Add user links', 'sysadmin/add_user_links.php', 'Add User Links', '', 2, 'No', 'On', 'form.png', ''),
(21, 'Edit user links', 'sysadmin/edit_user_links.php', 'Edit User Links', '', 2, 'No', 'On', 'form.png', ''),
(22, 'View user links', 'sysadmin/listview_user_links.php', 'User Links', '', 2, 'Yes', 'On', 'links.png', ''),
(23, 'Delete user links', 'sysadmin/delete_user_links.php', 'Delete User Links', '', 2, 'No', 'On', 'form.png', ''),
(24, 'Add user passport groups', 'sysadmin/add_user_passport_groups.php', 'Add User Passport Groups', '', 2, 'No', 'On', 'form.png', ''),
(25, 'Edit user passport groups', 'sysadmin/edit_user_passport_groups.php', 'Edit User Passport Groups', '', 2, 'No', 'On', 'form.png', ''),
(26, 'View user passport groups', 'sysadmin/listview_user_passport_groups.php', 'User Passport Groups', '', 2, 'Yes', 'On', 'passportgroup.png', ''),
(27, 'Delete user passport groups', 'sysadmin/delete_user_passport_groups.php', 'Delete User Passport Groups', '', 2, 'No', 'On', 'form.png', ''),
(28, 'Add system skins', 'sysadmin/add_system_skins.php', 'Add System Skins', '', 2, 'No', 'On', 'form.png', ''),
(29, 'Edit system skins', 'sysadmin/edit_system_skins.php', 'Edit System Skins', '', 2, 'No', 'On', 'form.png', ''),
(30, 'View system skins', 'sysadmin/listview_system_skins.php', 'System Skins', '', 2, 'Yes', 'On', 'system_skins.png', ''),
(31, 'Delete system skins', 'sysadmin/delete_system_skins.php', 'Delete System Skins', '', 2, 'No', 'On', 'form.png', ''),
(32, 'Reset Password', 'sysadmin/reset_password.php', 'Reset Password', '', 2, 'Yes', 'On', 'lock_big.png', '');

-- --------------------------------------------------------

--
-- Table structure for table `user_passport`
--

CREATE TABLE `user_passport` (
  `username` varchar(255) NOT NULL,
  `link_id` int(11) NOT NULL,
  PRIMARY KEY  (`username`,`link_id`)
) ENGINE=InnoDB DEFAULT CHARSET=utf8;

--
-- Dumping data for table `user_passport`
--


-- --------------------------------------------------------

--
-- Table structure for table `user_passport_groups`
--

CREATE TABLE `user_passport_groups` (
  `passport_group_id` int(11) NOT NULL auto_increment,
  `passport_group` varchar(255) NOT NULL,
  `priority` int(11) NOT NULL,
  `icon` varchar(255) NOT NULL,
  PRIMARY KEY  (`passport_group_id`)
) ENGINE=InnoDB  DEFAULT CHARSET=utf8 AUTO_INCREMENT=1 ;

--
-- Dumping data for table `user_passport_groups`
--

INSERT INTO `user_passport_groups` (`passport_group_id`, `passport_group`,`icon`) VALUES
(1, 'Default','blue_folder3.png'),
(2, 'Admin','preferences-system.png');


-- --------------------------------------------------------

--
-- Table structure for table `user_role`
--

 CREATE TABLE `user_role` (
`role_id` INT NOT NULL AUTO_INCREMENT PRIMARY KEY ,
`role` VARCHAR( 255 ) NOT NULL ,
`description` VARCHAR( 255 ) NOT NULL
) ENGINE = InnoDB DEFAULT CHARSET=utf8;

--
-- Dumping data for table `user_role`
--

INSERT INTO `user_role` (`role_id`, `role`, `description`) VALUES
(1, 'Super Admin', 'Super admin role with 100% system privileges'),
(2, 'System Admin', 'System admin role with all sysadmin permissions');


-- --------------------------------------------------------

--
-- Table structure for table `user_role_links`
--

CREATE TABLE `user_role_links` (
`role_id` INT NOT NULL ,
`link_id` INT NOT NULL ,
PRIMARY KEY ( `role_id` , `link_id` )
) ENGINE = InnoDB DEFAULT CHARSET=utf8;

--
-- Dumping data for table `user_role_links`
--

INSERT INTO `user_role_links` (`role_id`, `link_id`) VALUES
(1, 1),
(1, 2),
(1, 3),
(1, 4),
(1, 5),
(1, 6),
(1, 7),
(1, 8),
(1, 9),
(1, 10),
(1, 11),
(1, 12),
(1, 13),
(1, 14),
(1, 15),
(1, 16),
(1, 17),
(1, 18),
(1, 19),
(1, 20),
(1, 21),
(1, 22),
(1, 23),
(1, 24),
(1, 25),
(1, 26),
(1, 27),
(1, 28),
(1, 29),
(1, 30),
(1, 31),
(1, 32),
(2, 1),
(2, 2),
(2, 3),
(2, 4),
(2, 5),
(2, 6),
(2, 7),
(2, 8),
(2, 9),
(2, 10),
(2, 11),
(2, 12),
(2, 13),
(2, 14),
(2, 15),
(2, 16),
(2, 17),
(2, 18),
(2, 19),
(2, 20),
(2, 21),
(2, 22),
(2, 23),
(2, 24),
(2, 25),
(2, 26),
(2, 27),
(2, 28),
(2, 29),
(2, 30),
(2, 31),
(2, 32);

INSERT INTO `user_links`(link_id, name, target, descriptive_title, description, passport_group_id, show_in_tasklist, `status`, icon) VALUES(null,'Add accomplishment', 'modules/add_accomplishment.php', 'Add Accomplishment','','1','No','On','form3.png');
INSERT INTO `user_links`(link_id, name, target, descriptive_title, description, passport_group_id, show_in_tasklist, `status`, icon) VALUES(null,'Edit accomplishment', 'modules/edit_accomplishment.php', 'Edit Accomplishment','','1','No','On','form3.png');
INSERT INTO `user_links`(link_id, name, target, descriptive_title, description, passport_group_id, show_in_tasklist, `status`, icon) VALUES(null,'View accomplishment', 'modules/listview_accomplishment.php', 'Accomplishment','','1','Yes','On','form3.png');
INSERT INTO `user_links`(link_id, name, target, descriptive_title, description, passport_group_id, show_in_tasklist, `status`, icon) VALUES(null,'Delete accomplishment', 'modules/delete_accomplishment.php', 'Delete Accomplishment','','1','No','On','form3.png');
INSERT INTO `user_links`(link_id, name, target, descriptive_title, description, passport_group_id, show_in_tasklist, `status`, icon) VALUES(null,'Add alumniaddress', 'modules/add_alumniaddress.php', 'Add Alumniaddress','','1','No','On','form3.png');
INSERT INTO `user_links`(link_id, name, target, descriptive_title, description, passport_group_id, show_in_tasklist, `status`, icon) VALUES(null,'Edit alumniaddress', 'modules/edit_alumniaddress.php', 'Edit Alumniaddress','','1','No','On','form3.png');
INSERT INTO `user_links`(link_id, name, target, descriptive_title, description, passport_group_id, show_in_tasklist, `status`, icon) VALUES(null,'View alumniaddress', 'modules/listview_alumniaddress.php', 'Alumniaddress','','1','Yes','On','form3.png');
INSERT INTO `user_links`(link_id, name, target, descriptive_title, description, passport_group_id, show_in_tasklist, `status`, icon) VALUES(null,'Delete alumniaddress', 'modules/delete_alumniaddress.php', 'Delete Alumniaddress','','1','No','On','form3.png');
INSERT INTO `user_links`(link_id, name, target, descriptive_title, description, passport_group_id, show_in_tasklist, `status`, icon) VALUES(null,'Add alumniemplmove', 'modules/add_alumniemplmove.php', 'Add Alumniemplmove','','1','No','On','form3.png');
INSERT INTO `user_links`(link_id, name, target, descriptive_title, description, passport_group_id, show_in_tasklist, `status`, icon) VALUES(null,'Edit alumniemplmove', 'modules/edit_alumniemplmove.php', 'Edit Alumniemplmove','','1','No','On','form3.png');
INSERT INTO `user_links`(link_id, name, target, descriptive_title, description, passport_group_id, show_in_tasklist, `status`, icon) VALUES(null,'View alumniemplmove', 'modules/listview_alumniemplmove.php', 'Alumniemplmove','','1','Yes','On','form3.png');
INSERT INTO `user_links`(link_id, name, target, descriptive_title, description, passport_group_id, show_in_tasklist, `status`, icon) VALUES(null,'Delete alumniemplmove', 'modules/delete_alumniemplmove.php', 'Delete Alumniemplmove','','1','No','On','form3.png');
INSERT INTO `user_links`(link_id, name, target, descriptive_title, description, passport_group_id, show_in_tasklist, `status`, icon) VALUES(null,'Add alumniemplrecord', 'modules/add_alumniemplrecord.php', 'Add Alumniemplrecord','','1','No','On','form3.png');
INSERT INTO `user_links`(link_id, name, target, descriptive_title, description, passport_group_id, show_in_tasklist, `status`, icon) VALUES(null,'Edit alumniemplrecord', 'modules/edit_alumniemplrecord.php', 'Edit Alumniemplrecord','','1','No','On','form3.png');
INSERT INTO `user_links`(link_id, name, target, descriptive_title, description, passport_group_id, show_in_tasklist, `status`, icon) VALUES(null,'View alumniemplrecord', 'modules/listview_alumniemplrecord.php', 'Alumniemplrecord','','1','Yes','On','form3.png');
INSERT INTO `user_links`(link_id, name, target, descriptive_title, description, passport_group_id, show_in_tasklist, `status`, icon) VALUES(null,'Delete alumniemplrecord', 'modules/delete_alumniemplrecord.php', 'Delete Alumniemplrecord','','1','No','On','form3.png');
INSERT INTO `user_links`(link_id, name, target, descriptive_title, description, passport_group_id, show_in_tasklist, `status`, icon) VALUES(null,'Add alumnifurtherstudies', 'modules/add_alumnifurtherstudies.php', 'Add Alumnifurtherstudies','','1','No','On','form3.png');
INSERT INTO `user_links`(link_id, name, target, descriptive_title, description, passport_group_id, show_in_tasklist, `status`, icon) VALUES(null,'Edit alumnifurtherstudies', 'modules/edit_alumnifurtherstudies.php', 'Edit Alumnifurtherstudies','','1','No','On','form3.png');
INSERT INTO `user_links`(link_id, name, target, descriptive_title, description, passport_group_id, show_in_tasklist, `status`, icon) VALUES(null,'View alumnifurtherstudies', 'modules/listview_alumnifurtherstudies.php', 'Alumnifurtherstudies','','1','Yes','On','form3.png');
INSERT INTO `user_links`(link_id, name, target, descriptive_title, description, passport_group_id, show_in_tasklist, `status`, icon) VALUES(null,'Delete alumnifurtherstudies', 'modules/delete_alumnifurtherstudies.php', 'Delete Alumnifurtherstudies','','1','No','On','form3.png');
INSERT INTO `user_links`(link_id, name, target, descriptive_title, description, passport_group_id, show_in_tasklist, `status`, icon) VALUES(null,'Add alumniinfo', 'modules/add_alumniinfo.php', 'Add Alumniinfo','','1','No','On','form3.png');
INSERT INTO `user_links`(link_id, name, target, descriptive_title, description, passport_group_id, show_in_tasklist, `status`, icon) VALUES(null,'Edit alumniinfo', 'modules/edit_alumniinfo.php', 'Edit Alumniinfo','','1','No','On','form3.png');
INSERT INTO `user_links`(link_id, name, target, descriptive_title, description, passport_group_id, show_in_tasklist, `status`, icon) VALUES(null,'View alumniinfo', 'modules/listview_alumniinfo.php', 'Alumniinfo','','1','Yes','On','form3.png');
INSERT INTO `user_links`(link_id, name, target, descriptive_title, description, passport_group_id, show_in_tasklist, `status`, icon) VALUES(null,'Delete alumniinfo', 'modules/delete_alumniinfo.php', 'Delete Alumniinfo','','1','No','On','form3.png');
INSERT INTO `user_links`(link_id, name, target, descriptive_title, description, passport_group_id, show_in_tasklist, `status`, icon) VALUES(null,'Add alumniprofqualification', 'modules/add_alumniprofqualification.php', 'Add Alumniprofqualification','','1','No','On','form3.png');
INSERT INTO `user_links`(link_id, name, target, descriptive_title, description, passport_group_id, show_in_tasklist, `status`, icon) VALUES(null,'Edit alumniprofqualification', 'modules/edit_alumniprofqualification.php', 'Edit Alumniprofqualification','','1','No','On','form3.png');
INSERT INTO `user_links`(link_id, name, target, descriptive_title, description, passport_group_id, show_in_tasklist, `status`, icon) VALUES(null,'View alumniprofqualification', 'modules/listview_alumniprofqualification.php', 'Alumniprofqualification','','1','Yes','On','form3.png');
INSERT INTO `user_links`(link_id, name, target, descriptive_title, description, passport_group_id, show_in_tasklist, `status`, icon) VALUES(null,'Delete alumniprofqualification', 'modules/delete_alumniprofqualification.php', 'Delete Alumniprofqualification','','1','No','On','form3.png');
INSERT INTO `user_links`(link_id, name, target, descriptive_title, description, passport_group_id, show_in_tasklist, `status`, icon) VALUES(null,'Add attendance', 'modules/add_attendance.php', 'Add Attendance','','1','No','On','form3.png');
INSERT INTO `user_links`(link_id, name, target, descriptive_title, description, passport_group_id, show_in_tasklist, `status`, icon) VALUES(null,'Edit attendance', 'modules/edit_attendance.php', 'Edit Attendance','','1','No','On','form3.png');
INSERT INTO `user_links`(link_id, name, target, descriptive_title, description, passport_group_id, show_in_tasklist, `status`, icon) VALUES(null,'View attendance', 'modules/listview_attendance.php', 'Attendance','','1','Yes','On','form3.png');
INSERT INTO `user_links`(link_id, name, target, descriptive_title, description, passport_group_id, show_in_tasklist, `status`, icon) VALUES(null,'Delete attendance', 'modules/delete_attendance.php', 'Delete Attendance','','1','No','On','form3.png');
INSERT INTO `user_links`(link_id, name, target, descriptive_title, description, passport_group_id, show_in_tasklist, `status`, icon) VALUES(null,'Add company', 'modules/add_company.php', 'Add Company','','1','No','On','form3.png');
INSERT INTO `user_links`(link_id, name, target, descriptive_title, description, passport_group_id, show_in_tasklist, `status`, icon) VALUES(null,'Edit company', 'modules/edit_company.php', 'Edit Company','','1','No','On','form3.png');
INSERT INTO `user_links`(link_id, name, target, descriptive_title, description, passport_group_id, show_in_tasklist, `status`, icon) VALUES(null,'View company', 'modules/listview_company.php', 'Company','','1','Yes','On','form3.png');
INSERT INTO `user_links`(link_id, name, target, descriptive_title, description, passport_group_id, show_in_tasklist, `status`, icon) VALUES(null,'Delete company', 'modules/delete_company.php', 'Delete Company','','1','No','On','form3.png');
INSERT INTO `user_links`(link_id, name, target, descriptive_title, description, passport_group_id, show_in_tasklist, `status`, icon) VALUES(null,'Add companybranch', 'modules/add_companybranch.php', 'Add Companybranch','','1','No','On','form3.png');
INSERT INTO `user_links`(link_id, name, target, descriptive_title, description, passport_group_id, show_in_tasklist, `status`, icon) VALUES(null,'Edit companybranch', 'modules/edit_companybranch.php', 'Edit Companybranch','','1','No','On','form3.png');
INSERT INTO `user_links`(link_id, name, target, descriptive_title, description, passport_group_id, show_in_tasklist, `status`, icon) VALUES(null,'View companybranch', 'modules/listview_companybranch.php', 'Companybranch','','1','Yes','On','form3.png');
INSERT INTO `user_links`(link_id, name, target, descriptive_title, description, passport_group_id, show_in_tasklist, `status`, icon) VALUES(null,'Delete companybranch', 'modules/delete_companybranch.php', 'Delete Companybranch','','1','No','On','form3.png');
INSERT INTO `user_links`(link_id, name, target, descriptive_title, description, passport_group_id, show_in_tasklist, `status`, icon) VALUES(null,'Add companycontact', 'modules/add_companycontact.php', 'Add Companycontact','','1','No','On','form3.png');
INSERT INTO `user_links`(link_id, name, target, descriptive_title, description, passport_group_id, show_in_tasklist, `status`, icon) VALUES(null,'Edit companycontact', 'modules/edit_companycontact.php', 'Edit Companycontact','','1','No','On','form3.png');
INSERT INTO `user_links`(link_id, name, target, descriptive_title, description, passport_group_id, show_in_tasklist, `status`, icon) VALUES(null,'View companycontact', 'modules/listview_companycontact.php', 'Companycontact','','1','Yes','On','form3.png');
INSERT INTO `user_links`(link_id, name, target, descriptive_title, description, passport_group_id, show_in_tasklist, `status`, icon) VALUES(null,'Delete companycontact', 'modules/delete_companycontact.php', 'Delete Companycontact','','1','No','On','form3.png');
INSERT INTO `user_links`(link_id, name, target, descriptive_title, description, passport_group_id, show_in_tasklist, `status`, icon) VALUES(null,'Add contact', 'modules/add_contact.php', 'Add Contact','','1','No','On','form3.png');
INSERT INTO `user_links`(link_id, name, target, descriptive_title, description, passport_group_id, show_in_tasklist, `status`, icon) VALUES(null,'Edit contact', 'modules/edit_contact.php', 'Edit Contact','','1','No','On','form3.png');
INSERT INTO `user_links`(link_id, name, target, descriptive_title, description, passport_group_id, show_in_tasklist, `status`, icon) VALUES(null,'View contact', 'modules/listview_contact.php', 'Contact','','1','Yes','On','form3.png');
INSERT INTO `user_links`(link_id, name, target, descriptive_title, description, passport_group_id, show_in_tasklist, `status`, icon) VALUES(null,'Delete contact', 'modules/delete_contact.php', 'Delete Contact','','1','No','On','form3.png');
INSERT INTO `user_links`(link_id, name, target, descriptive_title, description, passport_group_id, show_in_tasklist, `status`, icon) VALUES(null,'Add employmentstatus', 'modules/add_employmentstatus.php', 'Add Employmentstatus','','1','No','On','form3.png');
INSERT INTO `user_links`(link_id, name, target, descriptive_title, description, passport_group_id, show_in_tasklist, `status`, icon) VALUES(null,'Edit employmentstatus', 'modules/edit_employmentstatus.php', 'Edit Employmentstatus','','1','No','On','form3.png');
INSERT INTO `user_links`(link_id, name, target, descriptive_title, description, passport_group_id, show_in_tasklist, `status`, icon) VALUES(null,'View employmentstatus', 'modules/listview_employmentstatus.php', 'Employmentstatus','','1','Yes','On','form3.png');
INSERT INTO `user_links`(link_id, name, target, descriptive_title, description, passport_group_id, show_in_tasklist, `status`, icon) VALUES(null,'Delete employmentstatus', 'modules/delete_employmentstatus.php', 'Delete Employmentstatus','','1','No','On','form3.png');
INSERT INTO `user_links`(link_id, name, target, descriptive_title, description, passport_group_id, show_in_tasklist, `status`, icon) VALUES(null,'Add eval dtl', 'modules/add_eval_dtl.php', 'Add Eval Dtl','','1','No','On','form3.png');
INSERT INTO `user_links`(link_id, name, target, descriptive_title, description, passport_group_id, show_in_tasklist, `status`, icon) VALUES(null,'Edit eval dtl', 'modules/edit_eval_dtl.php', 'Edit Eval Dtl','','1','No','On','form3.png');
INSERT INTO `user_links`(link_id, name, target, descriptive_title, description, passport_group_id, show_in_tasklist, `status`, icon) VALUES(null,'View eval dtl', 'modules/listview_eval_dtl.php', 'Eval Dtl','','1','Yes','On','form3.png');
INSERT INTO `user_links`(link_id, name, target, descriptive_title, description, passport_group_id, show_in_tasklist, `status`, icon) VALUES(null,'Delete eval dtl', 'modules/delete_eval_dtl.php', 'Delete Eval Dtl','','1','No','On','form3.png');
INSERT INTO `user_links`(link_id, name, target, descriptive_title, description, passport_group_id, show_in_tasklist, `status`, icon) VALUES(null,'Add eval hdr', 'modules/add_eval_hdr.php', 'Add Eval Hdr','','1','No','On','form3.png');
INSERT INTO `user_links`(link_id, name, target, descriptive_title, description, passport_group_id, show_in_tasklist, `status`, icon) VALUES(null,'Edit eval hdr', 'modules/edit_eval_hdr.php', 'Edit Eval Hdr','','1','No','On','form3.png');
INSERT INTO `user_links`(link_id, name, target, descriptive_title, description, passport_group_id, show_in_tasklist, `status`, icon) VALUES(null,'View eval hdr', 'modules/listview_eval_hdr.php', 'Eval Hdr','','1','Yes','On','form3.png');
INSERT INTO `user_links`(link_id, name, target, descriptive_title, description, passport_group_id, show_in_tasklist, `status`, icon) VALUES(null,'Delete eval hdr', 'modules/delete_eval_hdr.php', 'Delete Eval Hdr','','1','No','On','form3.png');
INSERT INTO `user_links`(link_id, name, target, descriptive_title, description, passport_group_id, show_in_tasklist, `status`, icon) VALUES(null,'Add final paper dtl', 'modules/add_final_paper_dtl.php', 'Add Final Paper Dtl','','1','No','On','form3.png');
INSERT INTO `user_links`(link_id, name, target, descriptive_title, description, passport_group_id, show_in_tasklist, `status`, icon) VALUES(null,'Edit final paper dtl', 'modules/edit_final_paper_dtl.php', 'Edit Final Paper Dtl','','1','No','On','form3.png');
INSERT INTO `user_links`(link_id, name, target, descriptive_title, description, passport_group_id, show_in_tasklist, `status`, icon) VALUES(null,'View final paper dtl', 'modules/listview_final_paper_dtl.php', 'Final Paper Dtl','','1','Yes','On','form3.png');
INSERT INTO `user_links`(link_id, name, target, descriptive_title, description, passport_group_id, show_in_tasklist, `status`, icon) VALUES(null,'Delete final paper dtl', 'modules/delete_final_paper_dtl.php', 'Delete Final Paper Dtl','','1','No','On','form3.png');
INSERT INTO `user_links`(link_id, name, target, descriptive_title, description, passport_group_id, show_in_tasklist, `status`, icon) VALUES(null,'Add final paper hdr', 'modules/add_final_paper_hdr.php', 'Add Final Paper Hdr','','1','No','On','form3.png');
INSERT INTO `user_links`(link_id, name, target, descriptive_title, description, passport_group_id, show_in_tasklist, `status`, icon) VALUES(null,'Edit final paper hdr', 'modules/edit_final_paper_hdr.php', 'Edit Final Paper Hdr','','1','No','On','form3.png');
INSERT INTO `user_links`(link_id, name, target, descriptive_title, description, passport_group_id, show_in_tasklist, `status`, icon) VALUES(null,'View final paper hdr', 'modules/listview_final_paper_hdr.php', 'Final Paper Hdr','','1','Yes','On','form3.png');
INSERT INTO `user_links`(link_id, name, target, descriptive_title, description, passport_group_id, show_in_tasklist, `status`, icon) VALUES(null,'Delete final paper hdr', 'modules/delete_final_paper_hdr.php', 'Delete Final Paper Hdr','','1','No','On','form3.png');
INSERT INTO `user_links`(link_id, name, target, descriptive_title, description, passport_group_id, show_in_tasklist, `status`, icon) VALUES(null,'Add industrysector', 'modules/add_industrysector.php', 'Add Industrysector','','1','No','On','form3.png');
INSERT INTO `user_links`(link_id, name, target, descriptive_title, description, passport_group_id, show_in_tasklist, `status`, icon) VALUES(null,'Edit industrysector', 'modules/edit_industrysector.php', 'Edit Industrysector','','1','No','On','form3.png');
INSERT INTO `user_links`(link_id, name, target, descriptive_title, description, passport_group_id, show_in_tasklist, `status`, icon) VALUES(null,'View industrysector', 'modules/listview_industrysector.php', 'Industrysector','','1','Yes','On','form3.png');
INSERT INTO `user_links`(link_id, name, target, descriptive_title, description, passport_group_id, show_in_tasklist, `status`, icon) VALUES(null,'Delete industrysector', 'modules/delete_industrysector.php', 'Delete Industrysector','','1','No','On','form3.png');
INSERT INTO `user_links`(link_id, name, target, descriptive_title, description, passport_group_id, show_in_tasklist, `status`, icon) VALUES(null,'Add internassignment', 'modules/add_internassignment.php', 'Add Internassignment','','1','No','On','form3.png');
INSERT INTO `user_links`(link_id, name, target, descriptive_title, description, passport_group_id, show_in_tasklist, `status`, icon) VALUES(null,'Edit internassignment', 'modules/edit_internassignment.php', 'Edit Internassignment','','1','No','On','form3.png');
INSERT INTO `user_links`(link_id, name, target, descriptive_title, description, passport_group_id, show_in_tasklist, `status`, icon) VALUES(null,'View internassignment', 'modules/listview_internassignment.php', 'Internassignment','','1','Yes','On','form3.png');
INSERT INTO `user_links`(link_id, name, target, descriptive_title, description, passport_group_id, show_in_tasklist, `status`, icon) VALUES(null,'Delete internassignment', 'modules/delete_internassignment.php', 'Delete Internassignment','','1','No','On','form3.png');
INSERT INTO `user_links`(link_id, name, target, descriptive_title, description, passport_group_id, show_in_tasklist, `status`, icon) VALUES(null,'Add internship', 'modules/add_internship.php', 'Add Internship','','1','No','On','form3.png');
INSERT INTO `user_links`(link_id, name, target, descriptive_title, description, passport_group_id, show_in_tasklist, `status`, icon) VALUES(null,'Edit internship', 'modules/edit_internship.php', 'Edit Internship','','1','No','On','form3.png');
INSERT INTO `user_links`(link_id, name, target, descriptive_title, description, passport_group_id, show_in_tasklist, `status`, icon) VALUES(null,'View internship', 'modules/listview_internship.php', 'Internship','','1','Yes','On','form3.png');
INSERT INTO `user_links`(link_id, name, target, descriptive_title, description, passport_group_id, show_in_tasklist, `status`, icon) VALUES(null,'Delete internship', 'modules/delete_internship.php', 'Delete Internship','','1','No','On','form3.png');
INSERT INTO `user_links`(link_id, name, target, descriptive_title, description, passport_group_id, show_in_tasklist, `status`, icon) VALUES(null,'Add post', 'modules/add_post.php', 'Add Post','','1','No','On','form3.png');
INSERT INTO `user_links`(link_id, name, target, descriptive_title, description, passport_group_id, show_in_tasklist, `status`, icon) VALUES(null,'Edit post', 'modules/edit_post.php', 'Edit Post','','1','No','On','form3.png');
INSERT INTO `user_links`(link_id, name, target, descriptive_title, description, passport_group_id, show_in_tasklist, `status`, icon) VALUES(null,'View post', 'modules/listview_post.php', 'Post','','1','Yes','On','form3.png');
INSERT INTO `user_links`(link_id, name, target, descriptive_title, description, passport_group_id, show_in_tasklist, `status`, icon) VALUES(null,'Delete post', 'modules/delete_post.php', 'Delete Post','','1','No','On','form3.png');
INSERT INTO `user_links`(link_id, name, target, descriptive_title, description, passport_group_id, show_in_tasklist, `status`, icon) VALUES(null,'Add questionnaire', 'modules/add_questionnaire.php', 'Add Questionnaire','','1','No','On','form3.png');
INSERT INTO `user_links`(link_id, name, target, descriptive_title, description, passport_group_id, show_in_tasklist, `status`, icon) VALUES(null,'Edit questionnaire', 'modules/edit_questionnaire.php', 'Edit Questionnaire','','1','No','On','form3.png');
INSERT INTO `user_links`(link_id, name, target, descriptive_title, description, passport_group_id, show_in_tasklist, `status`, icon) VALUES(null,'View questionnaire', 'modules/listview_questionnaire.php', 'Questionnaire','','1','Yes','On','form3.png');
INSERT INTO `user_links`(link_id, name, target, descriptive_title, description, passport_group_id, show_in_tasklist, `status`, icon) VALUES(null,'Delete questionnaire', 'modules/delete_questionnaire.php', 'Delete Questionnaire','','1','No','On','form3.png');
INSERT INTO `user_links`(link_id, name, target, descriptive_title, description, passport_group_id, show_in_tasklist, `status`, icon) VALUES(null,'Add refstudent', 'modules/add_refstudent.php', 'Add Refstudent','','1','No','On','form3.png');
INSERT INTO `user_links`(link_id, name, target, descriptive_title, description, passport_group_id, show_in_tasklist, `status`, icon) VALUES(null,'Edit refstudent', 'modules/edit_refstudent.php', 'Edit Refstudent','','1','No','On','form3.png');
INSERT INTO `user_links`(link_id, name, target, descriptive_title, description, passport_group_id, show_in_tasklist, `status`, icon) VALUES(null,'View refstudent', 'modules/listview_refstudent.php', 'Refstudent','','1','Yes','On','form3.png');
INSERT INTO `user_links`(link_id, name, target, descriptive_title, description, passport_group_id, show_in_tasklist, `status`, icon) VALUES(null,'Delete refstudent', 'modules/delete_refstudent.php', 'Delete Refstudent','','1','No','On','form3.png');
INSERT INTO `user_links`(link_id, name, target, descriptive_title, description, passport_group_id, show_in_tasklist, `status`, icon) VALUES(null,'Add resume dtl', 'modules/add_resume_dtl.php', 'Add Resume Dtl','','1','No','On','form3.png');
INSERT INTO `user_links`(link_id, name, target, descriptive_title, description, passport_group_id, show_in_tasklist, `status`, icon) VALUES(null,'Edit resume dtl', 'modules/edit_resume_dtl.php', 'Edit Resume Dtl','','1','No','On','form3.png');
INSERT INTO `user_links`(link_id, name, target, descriptive_title, description, passport_group_id, show_in_tasklist, `status`, icon) VALUES(null,'View resume dtl', 'modules/listview_resume_dtl.php', 'Resume Dtl','','1','Yes','On','form3.png');
INSERT INTO `user_links`(link_id, name, target, descriptive_title, description, passport_group_id, show_in_tasklist, `status`, icon) VALUES(null,'Delete resume dtl', 'modules/delete_resume_dtl.php', 'Delete Resume Dtl','','1','No','On','form3.png');
INSERT INTO `user_links`(link_id, name, target, descriptive_title, description, passport_group_id, show_in_tasklist, `status`, icon) VALUES(null,'Add resume hdr', 'modules/add_resume_hdr.php', 'Add Resume Hdr','','1','No','On','form3.png');
INSERT INTO `user_links`(link_id, name, target, descriptive_title, description, passport_group_id, show_in_tasklist, `status`, icon) VALUES(null,'Edit resume hdr', 'modules/edit_resume_hdr.php', 'Edit Resume Hdr','','1','No','On','form3.png');
INSERT INTO `user_links`(link_id, name, target, descriptive_title, description, passport_group_id, show_in_tasklist, `status`, icon) VALUES(null,'View resume hdr', 'modules/listview_resume_hdr.php', 'Resume Hdr','','1','Yes','On','form3.png');
INSERT INTO `user_links`(link_id, name, target, descriptive_title, description, passport_group_id, show_in_tasklist, `status`, icon) VALUES(null,'Delete resume hdr', 'modules/delete_resume_hdr.php', 'Delete Resume Hdr','','1','No','On','form3.png');
INSERT INTO `user_links`(link_id, name, target, descriptive_title, description, passport_group_id, show_in_tasklist, `status`, icon) VALUES(null,'Add schoolcourse', 'modules/add_schoolcourse.php', 'Add Schoolcourse','','1','No','On','form3.png');
INSERT INTO `user_links`(link_id, name, target, descriptive_title, description, passport_group_id, show_in_tasklist, `status`, icon) VALUES(null,'Edit schoolcourse', 'modules/edit_schoolcourse.php', 'Edit Schoolcourse','','1','No','On','form3.png');
INSERT INTO `user_links`(link_id, name, target, descriptive_title, description, passport_group_id, show_in_tasklist, `status`, icon) VALUES(null,'View schoolcourse', 'modules/listview_schoolcourse.php', 'Schoolcourse','','1','Yes','On','form3.png');
INSERT INTO `user_links`(link_id, name, target, descriptive_title, description, passport_group_id, show_in_tasklist, `status`, icon) VALUES(null,'Delete schoolcourse', 'modules/delete_schoolcourse.php', 'Delete Schoolcourse','','1','No','On','form3.png');
INSERT INTO `user_role_links` (`role_id`, `link_id`) VALUES ('1', '33');
INSERT INTO `user_role_links` (`role_id`, `link_id`) VALUES ('1', '34');
INSERT INTO `user_role_links` (`role_id`, `link_id`) VALUES ('1', '35');
INSERT INTO `user_role_links` (`role_id`, `link_id`) VALUES ('1', '36');
INSERT INTO `user_role_links` (`role_id`, `link_id`) VALUES ('1', '37');
INSERT INTO `user_role_links` (`role_id`, `link_id`) VALUES ('1', '38');
INSERT INTO `user_role_links` (`role_id`, `link_id`) VALUES ('1', '39');
INSERT INTO `user_role_links` (`role_id`, `link_id`) VALUES ('1', '40');
INSERT INTO `user_role_links` (`role_id`, `link_id`) VALUES ('1', '41');
INSERT INTO `user_role_links` (`role_id`, `link_id`) VALUES ('1', '42');
INSERT INTO `user_role_links` (`role_id`, `link_id`) VALUES ('1', '43');
INSERT INTO `user_role_links` (`role_id`, `link_id`) VALUES ('1', '44');
INSERT INTO `user_role_links` (`role_id`, `link_id`) VALUES ('1', '45');
INSERT INTO `user_role_links` (`role_id`, `link_id`) VALUES ('1', '46');
INSERT INTO `user_role_links` (`role_id`, `link_id`) VALUES ('1', '47');
INSERT INTO `user_role_links` (`role_id`, `link_id`) VALUES ('1', '48');
INSERT INTO `user_role_links` (`role_id`, `link_id`) VALUES ('1', '49');
INSERT INTO `user_role_links` (`role_id`, `link_id`) VALUES ('1', '50');
INSERT INTO `user_role_links` (`role_id`, `link_id`) VALUES ('1', '51');
INSERT INTO `user_role_links` (`role_id`, `link_id`) VALUES ('1', '52');
INSERT INTO `user_role_links` (`role_id`, `link_id`) VALUES ('1', '53');
INSERT INTO `user_role_links` (`role_id`, `link_id`) VALUES ('1', '54');
INSERT INTO `user_role_links` (`role_id`, `link_id`) VALUES ('1', '55');
INSERT INTO `user_role_links` (`role_id`, `link_id`) VALUES ('1', '56');
INSERT INTO `user_role_links` (`role_id`, `link_id`) VALUES ('1', '57');
INSERT INTO `user_role_links` (`role_id`, `link_id`) VALUES ('1', '58');
INSERT INTO `user_role_links` (`role_id`, `link_id`) VALUES ('1', '59');
INSERT INTO `user_role_links` (`role_id`, `link_id`) VALUES ('1', '60');
INSERT INTO `user_role_links` (`role_id`, `link_id`) VALUES ('1', '61');
INSERT INTO `user_role_links` (`role_id`, `link_id`) VALUES ('1', '62');
INSERT INTO `user_role_links` (`role_id`, `link_id`) VALUES ('1', '63');
INSERT INTO `user_role_links` (`role_id`, `link_id`) VALUES ('1', '64');
INSERT INTO `user_role_links` (`role_id`, `link_id`) VALUES ('1', '65');
INSERT INTO `user_role_links` (`role_id`, `link_id`) VALUES ('1', '66');
INSERT INTO `user_role_links` (`role_id`, `link_id`) VALUES ('1', '67');
INSERT INTO `user_role_links` (`role_id`, `link_id`) VALUES ('1', '68');
INSERT INTO `user_role_links` (`role_id`, `link_id`) VALUES ('1', '69');
INSERT INTO `user_role_links` (`role_id`, `link_id`) VALUES ('1', '70');
INSERT INTO `user_role_links` (`role_id`, `link_id`) VALUES ('1', '71');
INSERT INTO `user_role_links` (`role_id`, `link_id`) VALUES ('1', '72');
INSERT INTO `user_role_links` (`role_id`, `link_id`) VALUES ('1', '73');
INSERT INTO `user_role_links` (`role_id`, `link_id`) VALUES ('1', '74');
INSERT INTO `user_role_links` (`role_id`, `link_id`) VALUES ('1', '75');
INSERT INTO `user_role_links` (`role_id`, `link_id`) VALUES ('1', '76');
INSERT INTO `user_role_links` (`role_id`, `link_id`) VALUES ('1', '77');
INSERT INTO `user_role_links` (`role_id`, `link_id`) VALUES ('1', '78');
INSERT INTO `user_role_links` (`role_id`, `link_id`) VALUES ('1', '79');
INSERT INTO `user_role_links` (`role_id`, `link_id`) VALUES ('1', '80');
INSERT INTO `user_role_links` (`role_id`, `link_id`) VALUES ('1', '81');
INSERT INTO `user_role_links` (`role_id`, `link_id`) VALUES ('1', '82');
INSERT INTO `user_role_links` (`role_id`, `link_id`) VALUES ('1', '83');
INSERT INTO `user_role_links` (`role_id`, `link_id`) VALUES ('1', '84');
INSERT INTO `user_role_links` (`role_id`, `link_id`) VALUES ('1', '85');
INSERT INTO `user_role_links` (`role_id`, `link_id`) VALUES ('1', '86');
INSERT INTO `user_role_links` (`role_id`, `link_id`) VALUES ('1', '87');
INSERT INTO `user_role_links` (`role_id`, `link_id`) VALUES ('1', '88');
INSERT INTO `user_role_links` (`role_id`, `link_id`) VALUES ('1', '89');
INSERT INTO `user_role_links` (`role_id`, `link_id`) VALUES ('1', '90');
INSERT INTO `user_role_links` (`role_id`, `link_id`) VALUES ('1', '91');
INSERT INTO `user_role_links` (`role_id`, `link_id`) VALUES ('1', '92');
INSERT INTO `user_role_links` (`role_id`, `link_id`) VALUES ('1', '93');
INSERT INTO `user_role_links` (`role_id`, `link_id`) VALUES ('1', '94');
INSERT INTO `user_role_links` (`role_id`, `link_id`) VALUES ('1', '95');
INSERT INTO `user_role_links` (`role_id`, `link_id`) VALUES ('1', '96');
INSERT INTO `user_role_links` (`role_id`, `link_id`) VALUES ('1', '97');
INSERT INTO `user_role_links` (`role_id`, `link_id`) VALUES ('1', '98');
INSERT INTO `user_role_links` (`role_id`, `link_id`) VALUES ('1', '99');
INSERT INTO `user_role_links` (`role_id`, `link_id`) VALUES ('1', '100');
INSERT INTO `user_role_links` (`role_id`, `link_id`) VALUES ('1', '101');
INSERT INTO `user_role_links` (`role_id`, `link_id`) VALUES ('1', '102');
INSERT INTO `user_role_links` (`role_id`, `link_id`) VALUES ('1', '103');
INSERT INTO `user_role_links` (`role_id`, `link_id`) VALUES ('1', '104');
INSERT INTO `user_role_links` (`role_id`, `link_id`) VALUES ('1', '105');
INSERT INTO `user_role_links` (`role_id`, `link_id`) VALUES ('1', '106');
INSERT INTO `user_role_links` (`role_id`, `link_id`) VALUES ('1', '107');
INSERT INTO `user_role_links` (`role_id`, `link_id`) VALUES ('1', '108');
INSERT INTO `user_role_links` (`role_id`, `link_id`) VALUES ('1', '109');
INSERT INTO `user_role_links` (`role_id`, `link_id`) VALUES ('1', '110');
INSERT INTO `user_role_links` (`role_id`, `link_id`) VALUES ('1', '111');
INSERT INTO `user_role_links` (`role_id`, `link_id`) VALUES ('1', '112');
INSERT INTO `user_role_links` (`role_id`, `link_id`) VALUES ('1', '113');
INSERT INTO `user_role_links` (`role_id`, `link_id`) VALUES ('1', '114');
INSERT INTO `user_role_links` (`role_id`, `link_id`) VALUES ('1', '115');
INSERT INTO `user_role_links` (`role_id`, `link_id`) VALUES ('1', '116');
INSERT INTO `user_role_links` (`role_id`, `link_id`) VALUES ('1', '117');
INSERT INTO `user_role_links` (`role_id`, `link_id`) VALUES ('1', '118');
INSERT INTO `user_role_links` (`role_id`, `link_id`) VALUES ('1', '119');
INSERT INTO `user_role_links` (`role_id`, `link_id`) VALUES ('1', '120');
INSERT INTO `user_role_links` (`role_id`, `link_id`) VALUES ('1', '121');
INSERT INTO `user_role_links` (`role_id`, `link_id`) VALUES ('1', '122');
INSERT INTO `user_role_links` (`role_id`, `link_id`) VALUES ('1', '123');
INSERT INTO `user_role_links` (`role_id`, `link_id`) VALUES ('1', '124');
INSERT INTO `user_role_links` (`role_id`, `link_id`) VALUES ('1', '125');
INSERT INTO `user_role_links` (`role_id`, `link_id`) VALUES ('1', '126');
INSERT INTO `user_role_links` (`role_id`, `link_id`) VALUES ('1', '127');
INSERT INTO `user_role_links` (`role_id`, `link_id`) VALUES ('1', '128');
INSERT INTO `user_role_links` (`role_id`, `link_id`) VALUES ('1', '129');
INSERT INTO `user_role_links` (`role_id`, `link_id`) VALUES ('1', '130');
INSERT INTO `user_role_links` (`role_id`, `link_id`) VALUES ('1', '131');
INSERT INTO `user_role_links` (`role_id`, `link_id`) VALUES ('1', '132');
INSERT INTO `user_role_links` (`role_id`, `link_id`) VALUES ('1', '133');
INSERT INTO `user_role_links` (`role_id`, `link_id`) VALUES ('1', '134');
INSERT INTO `user_role_links` (`role_id`, `link_id`) VALUES ('1', '135');
INSERT INTO `user_role_links` (`role_id`, `link_id`) VALUES ('1', '136');
INSERT `user_passport` SELECT 'root', `link_id` FROM user_role_links WHERE role_id='1'